{
  "0": {
    "precision": 0.941677969385778,
    "recall": 0.7688656858092074,
    "f1-score": 0.8465424142135517,
    "support": 6321.0
  },
  "1": {
    "precision": 0.5384615384615384,
    "recall": 0.5338983050847458,
    "f1-score": 0.5361702127659574,
    "support": 118.0
  },
  "2": {
    "precision": 0.48484848484848486,
    "recall": 0.3404255319148936,
    "f1-score": 0.4,
    "support": 47.0
  },
  "3": {
    "precision": 0.23333333333333334,
    "recall": 0.4117647058823529,
    "f1-score": 0.2978723404255319,
    "support": 17.0
  },
  "4": {
    "precision": 0.4279661016949153,
    "recall": 0.7929342492639843,
    "f1-score": 0.5558995528035776,
    "support": 1019.0
  },
  "5": {
    "precision": 0.23553719008264462,
    "recall": 0.5588235294117647,
    "f1-score": 0.3313953488372093,
    "support": 102.0
  },
  "6": {
    "precision": 0.31226765799256506,
    "recall": 0.7241379310344828,
    "f1-score": 0.43636363636363634,
    "support": 116.0
  },
  "accuracy": 0.7616279069767442,
  "macro avg": {
    "precision": 0.4534417536856085,
    "recall": 0.5901214197716331,
    "f1-score": 0.4863205007727807,
    "support": 7740.0
  },
  "weighted avg": {
    "precision": 0.8448300711657875,
    "recall": 0.7616279069767442,
    "f1-score": 0.7866936262072222,
    "support": 7740.0
  }
}