{
  "accuracy": 0.7616279069767442,
  "macro_f1": 0.4863205007727807,
  "micro_f1": 0.7616279069767442,
  "macro_precision": 0.4534417536856085,
  "macro_recall": 0.5901214197716331,
  "n_samples": 7740
}